{
  "CHEM40B": 18.436304477135725,
  "CHEM6C": 18.433673624051934,
  "CHEM6A": 1.4515979336837772,
  "MATH20B": 3.1372234342406706,
  "CHEM40A": 18.617043196707783,
  "MATH20D": 5.9500880604630755,
  "MATH20E": 48.31344842266478,
  "CHEM6B": 17.768355394483155,
  "PHYS2B": 24.048854115106543,
  "PHYS2A": 3.327581720829504,
  "BILD1": 15.431585492840513,
  "MATH20A": 19.469819902524353,
  "BENG123": 1.188956135099919,
  "MATH20C": 5.596792407977153,
  "PHYS2C": 2.4680756089664913,
  "MATH18": 7.939192684149633,
  "MAE8": 14.99425879139419,
  "BICD100": 13.104733683995503,
  "BENG103B": 54.052221259432905,
  "CHEM7L": 5.935116922634464,
  "PHYS2CL": 2.36026535601171,
  "BENG186A": 47.658282698542585,
  "BENG161B": 18.40209234541399,
  "BENG1": 9.501018234985827,
  "BENG161A": 51.02848101933816,
  "POLI28": 16.805051588280296,
  "POLI27": 13.692437267911252,
  "CENG101A": 1.903779986228327,
  "BENG162": 2.2864294963231497,
  "MAE170": 1.0374904152323767,
  "BENG130": 2.177050120674364,
  "WCWP10A": 40.73279623974963,
  "WCWP10B": 1.9072997815593358,
  "BENG160": 1.8155618158961624,
  "BENG166A": 1.432407976466963,
  "BENG100": 16.747755586304688,
  "BENG187C": 46.237446002666886
}
