{
  "CHEM40B": 0.07624091270483847,
  "CHEM6C": 0.02782602845059286,
  "CHEM6A": 0.00432524598454752,
  "MATH20B": 0.1089834250916118,
  "CHEM40A": 0.17083485469540416,
  "MATH20D": 0.0483839255517699,
  "MATH20E": 0.025835370139418175,
  "CHEM6B": 0.005982771819316394,
  "PHYS2B": 0.0035429290427252506,
  "PHYS2A": 0.14634903322277865,
  "BILD1": 0.09848454358533158,
  "MATH20A": 0.0040202965002248195,
  "BENG123": 0.0679917435088574,
  "MATH20C": 0.05938036286510106,
  "PHYS2C": 0.05089173109698426,
  "MATH18": 0.000007266068328319732,
  "MAE8": 0.12641269303971156,
  "BICD100": 0.01057141548695766,
  "BENG103B": 0.09234862593090665,
  "CHEM7L": 0.1887794869488223,
  "PHYS2CL": 0.010035287909265257,
  "BENG186A": 0.029289911710018837,
  "BENG161B": 0.010925051443181897,
  "BENG1": 0.11817732276033964,
  "BENG161A": 0.03760214626055644,
  "POLI28": 0.13166241841009224,
  "POLI27": 0.025241731925770994,
  "CENG101A": 0.015079985387551198,
  "BENG162": 0.012205450976333354,
  "MAE170": 0.02043270371079551,
  "BENG130": 0.040659856483723986,
  "WCWP10A": 0.003589293155084803,
  "WCWP10B": 0.19627154010972833,
  "BENG160": 0.000619710360792942,
  "BENG166A": 0.00121065767976904,
  "BENG100": 0.15015614189896342,
  "BENG187C": 0.007499732630594391
}
